company,segment,model,source_label,powertrain,tailpipe_gco2_km,tailpipe_low_gco2_km,tailpipe_high_gco2_km,n_trims,edition,test_cycle,source_id,source_file
nissan,passenger_car,Caravan,キャラバン,ICE,269.095,260.861,279.718,6,2026,WLTC_JP,mlit_fuel_economy_list,mlit_fuel_economy_petrol_car_wltc_2026.xlsx
nissan,passenger_car,Elgrand,エルグランド,ICE,254.993,232.166,276.388,11,2025,WLTC_JP,mlit_fuel_economy_list,mlit_fuel_economy_petrol_car_wltc_2025.xlsx
nissan,passenger_car,Fairlady Z,フェアレディZ,ICE,237.328,227.614,252.354,6,2026,WLTC_JP,mlit_fuel_economy_list,mlit_fuel_economy_petrol_car_wltc_2026.xlsx
nissan,passenger_car,GT-R,GT-R,ICE,301.05,297.649,309.555,7,2025,WLTC_JP,mlit_fuel_economy_list,mlit_fuel_economy_petrol_car_wltc_2025.xlsx
nissan,passenger_car,NV200,NV200,ICE,187.379,170.71,214.969,11,2026,WLTC_JP,mlit_fuel_economy_list,mlit_fuel_economy_petrol_car_wltc_2026.xlsx
nissan,passenger_car,Note,ノート,HEV,91.324,81.749,100.942,6,2026,WLTC_JP,mlit_fuel_economy_list,mlit_fuel_economy_petrol_car_wltc_2026.xlsx
nissan,passenger_car,Note Aura,ノートオーラ,HEV,95.758,85.355,102.276,3,2026,WLTC_JP,mlit_fuel_economy_list,mlit_fuel_economy_petrol_car_wltc_2026.xlsx
nissan,passenger_car,Serena,セレナ,HEV,125.505,112.157,144.202,10,2026,WLTC_JP,mlit_fuel_economy_list,mlit_fuel_economy_petrol_car_wltc_2026.xlsx
nissan,passenger_car,Serena,セレナ,ICE,186.145,173.258,200.143,5,2026,WLTC_JP,mlit_fuel_economy_list,mlit_fuel_economy_petrol_car_wltc_2026.xlsx
nissan,passenger_car,Skyline,スカイライン,ICE,232.166,232.166,232.166,9,2026,WLTC_JP,mlit_fuel_economy_list,mlit_fuel_economy_petrol_car_wltc_2026.xlsx
nissan,passenger_car,Vanette,バネット,ICE,181.248,170.71,193.472,9,2026,WLTC_JP,mlit_fuel_economy_list,mlit_fuel_economy_petrol_car_wltc_2026.xlsx
nissan,passenger_car,X-Trail,エクストレイル,HEV,124.008,117.851,129.702,16,2026,WLTC_JP,mlit_fuel_economy_list,mlit_fuel_economy_petrol_car_wltc_2026.xlsx
toyota,passenger_car,86,86,ICE,190.534,181.38,196.751,3,2026,WLTC_JP,mlit_fuel_economy_list,mlit_fuel_economy_petrol_car_wltc_2026.xlsx
toyota,passenger_car,Alphard,アルファード,HEV,131.873,122.839,140.707,21,2026,WLTC_JP,mlit_fuel_economy_list,mlit_fuel_economy_petrol_car_wltc_2026.xlsx
toyota,passenger_car,Alphard,アルファード,ICE,216.741,209.159,225.404,17,2026,WLTC_JP,mlit_fuel_economy_list,mlit_fuel_economy_petrol_car_wltc_2026.xlsx
toyota,passenger_car,Aqua,アクア,HEV,71.681,67.687,77.389,4,2026,WLTC_JP,mlit_fuel_economy_list,mlit_fuel_economy_petrol_car_wltc_2026.xlsx
toyota,passenger_car,Century,センチュリー,HEV,187.231,187.231,187.231,1,2026,WLTC_JP,mlit_fuel_economy_list,mlit_fuel_economy_petrol_car_wltc_2026.xlsx
toyota,passenger_car,Corolla,カローラ,HEV,83.619,76.876,91.765,4,2026,WLTC_JP,mlit_fuel_economy_list,mlit_fuel_economy_petrol_car_wltc_2026.xlsx
toyota,passenger_car,Corolla,カローラ,ICE,122.538,119.673,128.269,3,2026,WLTC_JP,mlit_fuel_economy_list,mlit_fuel_economy_petrol_car_wltc_2026.xlsx
toyota,passenger_car,Corolla Axio,カローラアクシオ,HEV,83.513,83.513,83.513,1,2026,WLTC_JP,mlit_fuel_economy_list,mlit_fuel_economy_petrol_car_wltc_2026.xlsx
toyota,passenger_car,Corolla Axio,カローラアクシオ,ICE,133.243,117.256,148.824,4,2026,WLTC_JP,mlit_fuel_economy_list,mlit_fuel_economy_petrol_car_wltc_2026.xlsx
toyota,passenger_car,Corolla Cross,カローラクロス,HEV,93.987,87.942,99.642,3,2026,WLTC_JP,mlit_fuel_economy_list,mlit_fuel_economy_petrol_car_wltc_2026.xlsx
toyota,passenger_car,Corolla Cross,カローラクロス,ICE,139.859,139.859,139.859,1,2025,WLTC_JP,mlit_fuel_economy_list,mlit_fuel_economy_petrol_car_wltc_2025.xlsx
toyota,passenger_car,Corolla Fielder,カローラフィールダー,HEV,83.513,83.513,83.513,1,2026,WLTC_JP,mlit_fuel_economy_list,mlit_fuel_economy_petrol_car_wltc_2026.xlsx
toyota,passenger_car,Corolla Fielder,カローラフィールダー,ICE,133.687,117.256,148.824,3,2026,WLTC_JP,mlit_fuel_economy_list,mlit_fuel_economy_petrol_car_wltc_2026.xlsx
toyota,passenger_car,Corolla Sport,カローラスポーツ,HEV,81.779,77.389,85.67,4,2026,WLTC_JP,mlit_fuel_economy_list,mlit_fuel_economy_petrol_car_wltc_2026.xlsx
toyota,passenger_car,Corolla Sport,カローラスポーツ,ICE,130.923,126.867,134.98,2,2025,WLTC_JP,mlit_fuel_economy_list,mlit_fuel_economy_petrol_car_wltc_2025.xlsx
toyota,passenger_car,Corolla Touring,カローラツーリング,HEV,84.026,78.7,93.239,6,2026,WLTC_JP,mlit_fuel_economy_list,mlit_fuel_economy_petrol_car_wltc_2026.xlsx
toyota,passenger_car,Corolla Touring,カローラツーリング,ICE,124.725,121.553,130.43,3,2025,WLTC_JP,mlit_fuel_economy_list,mlit_fuel_economy_petrol_car_wltc_2025.xlsx
toyota,passenger_car,Crown,クラウン,HEV,116.76,103.646,147.876,11,2026,WLTC_JP,mlit_fuel_economy_list,mlit_fuel_economy_petrol_car_wltc_2026.xlsx
toyota,passenger_car,Crown,クラウン,ICE,196.751,196.751,196.751,1,2026,WLTC_JP,mlit_fuel_economy_list,mlit_fuel_economy_petrol_car_wltc_2026.xlsx
toyota,passenger_car,GR Corolla,GRカローラ,ICE,205.234,187.231,223.237,2,2026,WLTC_JP,mlit_fuel_economy_list,mlit_fuel_economy_petrol_car_wltc_2026.xlsx
toyota,passenger_car,GR Yaris,GRヤリス,ICE,201.1,187.231,214.969,2,2026,WLTC_JP,mlit_fuel_economy_list,mlit_fuel_economy_petrol_car_wltc_2026.xlsx
toyota,passenger_car,GR86,GR86,ICE,195.938,193.472,198.432,4,2026,WLTC_JP,mlit_fuel_economy_list,mlit_fuel_economy_petrol_car_wltc_2026.xlsx
toyota,passenger_car,Granace,グランエース,ICE,258.622,258.622,258.622,2,2025,WLTC_JP,mlit_fuel_economy_list,mlit_fuel_economy_diesel_car_wltc_2025.xlsx
toyota,passenger_car,Harrier,ハリアー,HEV,105.36,102.276,107.484,7,2026,WLTC_JP,mlit_fuel_economy_list,mlit_fuel_economy_petrol_car_wltc_2026.xlsx
toyota,passenger_car,Harrier,ハリアー,ICE,152.856,146.941,156.869,5,2026,WLTC_JP,mlit_fuel_economy_list,mlit_fuel_economy_petrol_car_wltc_2026.xlsx
toyota,passenger_car,HiAce,ハイエース,ICE,275.225,263.825,286.625,4,2026,WLTC_JP,mlit_fuel_economy_list,mlit_fuel_economy_petrol_car_wltc_2026.xlsx
toyota,passenger_car,Land Cruiser,ランドクルーザー,ICE,269.916,235.111,309.555,12,2026,WLTC_JP,mlit_fuel_economy_list,mlit_fuel_economy_petrol_car_wltc_2026.xlsx
toyota,passenger_car,Noah,ノア,HEV,102.393,98.375,106.012,11,2026,WLTC_JP,mlit_fuel_economy_list,mlit_fuel_economy_petrol_car_wltc_2026.xlsx
toyota,passenger_car,Noah,ノア,ICE,160.317,153.752,167.026,14,2026,WLTC_JP,mlit_fuel_economy_list,mlit_fuel_economy_petrol_car_wltc_2026.xlsx
toyota,passenger_car,Prius,プリウス,HEV,78.48,71.217,86.954,7,2026,WLTC_JP,mlit_fuel_economy_list,mlit_fuel_economy_petrol_car_wltc_2026.xlsx
toyota,passenger_car,RAV4,RAV4,HEV,113.535,112.702,114.367,2,2026,WLTC_JP,mlit_fuel_economy_list,mlit_fuel_economy_petrol_car_wltc_2026.xlsx
toyota,passenger_car,RAV4,RAV4,ICE,152.741,152.741,152.741,1,2026,WLTC_JP,mlit_fuel_economy_list,mlit_fuel_economy_petrol_car_wltc_2026.xlsx
toyota,passenger_car,Raize,ライズ,HEV,82.916,82.916,82.916,1,2026,WLTC_JP,mlit_fuel_economy_list,mlit_fuel_economy_petrol_car_wltc_2026.xlsx
toyota,passenger_car,Raize,ライズ,ICE,119.248,112.157,133.429,3,2026,WLTC_JP,mlit_fuel_economy_list,mlit_fuel_economy_petrol_car_wltc_2026.xlsx
toyota,passenger_car,Roomy,ルーミー,ICE,132.186,126.177,138.194,4,2026,WLTC_JP,mlit_fuel_economy_list,mlit_fuel_economy_petrol_car_wltc_2026.xlsx
toyota,passenger_car,Sienta,シエンタ,HEV,85.37,81.749,93.615,7,2026,WLTC_JP,mlit_fuel_economy_list,mlit_fuel_economy_petrol_car_wltc_2026.xlsx
toyota,passenger_car,Sienta,シエンタ,ICE,127.43,126.177,128.981,5,2026,WLTC_JP,mlit_fuel_economy_list,mlit_fuel_economy_petrol_car_wltc_2026.xlsx
toyota,passenger_car,Vellfire,ヴェルファイア,HEV,133.335,124.82,140.707,10,2026,WLTC_JP,mlit_fuel_economy_list,mlit_fuel_economy_petrol_car_wltc_2026.xlsx
toyota,passenger_car,Vellfire,ヴェルファイア,ICE,220.957,212.996,227.614,14,2026,WLTC_JP,mlit_fuel_economy_list,mlit_fuel_economy_petrol_car_wltc_2026.xlsx
toyota,passenger_car,Voxy,ヴォクシー,HEV,103.69,100.942,106.012,8,2026,WLTC_JP,mlit_fuel_economy_list,mlit_fuel_economy_petrol_car_wltc_2026.xlsx
toyota,passenger_car,Voxy,ヴォクシー,ICE,159.818,156.869,167.026,9,2026,WLTC_JP,mlit_fuel_economy_list,mlit_fuel_economy_petrol_car_wltc_2026.xlsx
toyota,passenger_car,Yaris,ヤリス,HEV,71.466,64.491,80.057,10,2026,WLTC_JP,mlit_fuel_economy_list,mlit_fuel_economy_petrol_car_wltc_2026.xlsx
toyota,passenger_car,Yaris,ヤリス,ICE,118.176,108.998,125.495,16,2026,WLTC_JP,mlit_fuel_economy_list,mlit_fuel_economy_petrol_car_wltc_2026.xlsx
toyota,passenger_car,Yaris Cross,ヤリスクロス,HEV,83.12,75.379,92.866,8,2026,WLTC_JP,mlit_fuel_economy_list,mlit_fuel_economy_petrol_car_wltc_2026.xlsx
toyota,passenger_car,Yaris Cross,ヤリスクロス,ICE,126.56,117.256,135.77,7,2026,WLTC_JP,mlit_fuel_economy_list,mlit_fuel_economy_petrol_car_wltc_2026.xlsx
