국가,제작업체,판매년도,선택기준,판매규모,적용기준차종,판매량확인,진행상태,실적확인상태,기준(비율별)_온실가스,기준(비율별)_에너지소비효율,기준(연차별)_온실가스,기준(연차별)_에너지소비효율,실적(100)_온실가스,실적(100)_에너지소비효율,실적(비율)_온실가스,실적(비율)_에너지소비효율,판매량(대)_비율 판매량,판매량(대)_전체 판매량,평균 공차중량,평균 점유면적,경유차 비율_경유차,경유차 비율_경유차비율,초과달성분(비율별)_온실가스,초과달성분(비율별)_에너지소비효율,초과달성분(연차별)_온실가스,초과달성분(연차별)_에너지소비효율,전기차 향상분_판매대수,전기차 향상분_판매대수 비율
한국,현대자동차(주),2012,"에너지소비효율, 판매비율",일반,승용·승합(10인승이하),미확인,마감,확인,142.724,16.765,0,0,130.459,18.806,122.196,19.839,151158,503860,1469.52,4.35,134746,26.743,3102864.96,3826925.05,0,0,1,1
한국,기아자동차(주),2012,"온실가스, 판매비율",일반,승용·승합(10인승이하),미확인,마감,확인,133.402,17.793,0,0,121.683,19.433,109.554,21.375,120486,401619,1310.99,4.092,92145,22.943,2873349.59,3554145.27,0,0,1.008,1.014
한국,한국지엠주식회사,2012,"에너지소비효율, 판매비율",일반,승용·승합(10인승이하),미확인,마감,확인,128.672,18.429,0,0,130.111,18.362,111.639,20.839,40626,135419,1230.55,3.776,22126,16.339,691979.09,806501.23,0,0,1,1
한국,르노삼성자동차(주),2012,"온실가스, 판매비율",일반,승용·승합(10인승이하),미확인,마감,확인,141.087,17.12,0,0,138.98,16.863,126.016,18.603,17978,59925,1441.69,4.279,4595,7.668,270960.2,219489.66,0,0,1.001,1.003
한국,쌍용자동차㈜,2012,"에너지소비효율, 판매비율",일반,승용·승합(10인승이하),미확인,마감,확인,159.822,14.598,0,0,176.949,14.712,155.901,17.238,7908,26358,1760.32,4.29,21911,83.128,31010.16,171929.6,0,0,1,1
독일,아우디폭스바겐코리아(주),2012,"에너지소비효율, 판매비율",일반,승용·승합(10인승이하),미확인,마감,확인,159.667,14.416,0,0,137.374,19.182,113.737,23.627,10103,33676,1757.67,0,26125,77.578,464033.82,766427.3,0,0,1,1
독일,BMW코리아(주),2012,"온실가스, 판매비율",일반,승용·승합(10인승이하),미확인,마감,확인,148.78,15.929,0,0,131.571,19.507,108.06,24.863,9254,30845,1572.52,8.533,22287,72.255,376819.41,680867.46,0,0,1,1
독일,메르세데스-벤츠코리아(주),2012,"에너지소비효율, 판매비율",일반,승용·승합(10인승이하),미확인,마감,확인,161.657,14.292,0,0,168.986,14.438,136.484,19.528,6117,20387,1791.52,4.548,6734,33.031,153985.57,263766.66,0,0,1,1
일본,한국토요타자동차(주),2012,"에너지소비효율, 판매비율",일반,승용·승합(10인승이하),미확인,마감,확인,150.171,15.788,0,0,129.435,18.092,85.479,27.385,4731,15768,1596.17,4.399,0,0,306056.58,451855.57,0,0,1,1
미국,포드세일즈서비스코리아(유),2012,"에너지소비효율, 판매비율",소규모,승용·승합(10인승이하),미확인,마감,확인,191.863,11.034,0,0,197.171,11.869,157.37,14.863,1538,5126,1861.83,4.568,0,0,53050.94,48495.58,0,0,1,1
미국,에프씨에이코리아 주식회사,2012,"에너지소비효율, 판매비율",소규모,승용·승합(10인승이하),미확인,마감,미확인,201.087,9.999,0,0,190.958,13.343,161.208,16.616,1236,4120,2021.98,0,2578,62.573,49290.22,67348.32,0,0,1,1
일본,혼다코리아(주),2012,"에너지소비효율, 판매비율",일반,승용·승합(10인승이하),미확인,마감,확인,146.624,16.371,0,0,128.249,18.264,128.249,18.264,1184,3944,1535.85,0,0,0,21535.38,18274.45,0,0,1,1
일본,한국닛산(주),2012,"온실가스, 판매비율",일반,승용·승합(10인승이하),미확인,마감,미확인,144.444,16.512,0,0,161.854,14.576,141.127,16.587,1051,3501,1498.78,4.133,167,4.77,3485.9,652.435,0,0,1,1
영국,(주)재규어랜드로버코리아,2012,"에너지소비효율, 판매비율",소규모,승용·승합(10인승이하),미확인,마감,확인,209.875,8.627,0,0,187.191,13.995,157.428,17.074,934,3113,2174.55,4.587,2689,86.38,48985.17,64967.07,0,0,1,1
프랑스,한불모터스(주),2012,"에너지소비효율, 판매비율",소규모,승용·승합(10인승이하),미확인,마감,미확인,165.669,14.118,0,0,110.892,24.008,100.741,26.605,742,2473,1407.03,4.1,2363,95.552,48176.21,76304.45,0,0,1,1
스웨덴,㈜볼보자동차코리아,2012,"에너지소비효율, 판매비율",소규모,승용·승합(10인승이하),미확인,마감,확인,185.105,11.898,0,0,155.063,17.137,139.195,19.307,531,1768,1744.5,4.429,1591,89.989,24378.52,32398.1,0,0,1,1
독일,포르쉐코리아 주식회사,2012,"에너지소비효율, 판매비율",별도기준,승용·승합(10인승이하),미확인,마감,확인,258.696,9.2,0,0,205.557,12.045,181.906,14.685,455,1516,2118.29,4.68,713,47.032,34939.25,20552.16,0,0,1,1
일본,스바루코리아(주),2012,"에너지소비효율, 판매비율",별도기준,승용·승합(10인승이하),미확인,마감,미확인,180.122,12.792,0,0,160.674,10.935,160.674,10.935,189,627,1595,8.539,0,0,2431.06,-1912,0,0,1,1
미국,GM코리아㈜,2012,"에너지소비효율, 판매비율",소규모,승용·승합(10인승이하),미확인,마감,확인,196.459,10.489,0,0,223.044,10.501,206.457,11.349,166,553,1941.63,0,0,0,-1659.64,1174.71,0,0,1,1
이탈리아,(주) 에프엠케이,2012,"온실가스, 판매비율",별도기준,승용·승합(10인승이하),미확인,마감,미확인,332,7.169,0,0,302.723,7.733,278.505,8.406,39,127,1816.38,0,0,0,2086.32,397.43,0,0,1,1
일본,씨엑스씨 모터스,2012,"온실가스, 판매비율",별도기준,승용·승합(10인승이하),미확인,마감,미확인,177.682,12.902,0,0,178.312,13.168,159.206,14.728,28,93,1560.43,7.938,2,2.151,517.326,421.132,0,0,1,1
한국,현대자동차(주),2013,"에너지소비효율, 판매비율",일반,승용·승합(10인승이하),미확인,마감,확인,144.853,16.481,0,0,142.9,16.955,129.163,19.187,288541,480901,1505.74,4.362,159681,33.205,4527249.33,6429010.38,0,0,1,1
한국,기아자동차(주),2013,"온실가스, 판매비율",일반,승용·승합(10인승이하),미확인,마감,확인,134.276,17.666,0,0,133.463,17.981,119.099,20.144,227997,379995,1325.85,4.118,93458,24.595,3460301.58,4652659.2,0,0,1.002,1.003
한국,한국지엠주식회사,2013,"에너지소비효율, 판매비율",일반,승용·승합(10인승이하),미확인,마감,확인,129.586,18.289,0,0,133.34,17.871,117.899,19.815,80871,134784,1246.09,3.757,21545,15.985,945126.03,1016397.93,0,0,1.001,1.001
한국,르노삼성자동차(주),2013,"온실가스, 판매비율",일반,승용·승합(10인승이하),미확인,마감,확인,139.584,17.323,0,0,130.926,17.908,119.74,19.672,36019,60031,1416.13,4.265,5291,8.814,714754.11,696773.58,0,0,1.02,1.032
한국,쌍용자동차㈜,2013,"에너지소비효율, 판매비율",일반,승용·승합(10인승이하),미확인,마감,확인,160.321,14.513,0,0,169.204,15.563,156.733,17.147,18332,30552,1768.8,4.285,27337,89.477,65785.17,397664.53,0,0,1,1
독일,아우디폭스바겐코리아(주),2013,"에너지소비효율, 판매비율",일반,승용·승합(10인승이하),미확인,마감,확인,158.978,14.507,0,0,139.527,18.791,122.176,21.994,27505,45841,1745.95,4.344,40150,87.585,1012215.06,1695943.78,0,0,1,1
독일,BMW코리아(주),2013,"온실가스, 판매비율",일반,승용·승합(10인승이하),미확인,마감,미확인,149.641,15.828,0,0,130.084,19.873,115.453,23.291,23639,39397,1587.17,4.539,29993,76.13,808165.17,1452744.95,0,0,1,1
독일,메르세데스-벤츠코리아(주),2013,"에너지소비효율, 판매비율",일반,승용·승합(10인승이하),미확인,마감,확인,162.124,14.22,0,0,156.645,15.962,134.585,19.562,14868,24779,1799.45,4.544,13985,56.439,409436.22,654027.73,0,0,1,1
일본,한국토요타자동차(주),2013,"에너지소비효율, 판매비율",일반,승용·승합(10인승이하),미확인,마감,확인,152.874,15.429,0,0,134.929,17.358,108.309,21.621,7757,12928,1642.14,4.412,0,0,345686.4,395512.56,0,0,1,1
미국,포드세일즈서비스코리아(유),2013,"에너지소비효율, 판매비율",소규모,승용·승합(10인승이하),미확인,마감,확인,196.222,10.605,0,0,193.913,12.118,171.89,13.716,4329,7214,1937.5,4.658,405,5.614,105331.76,110913.86,0,0,1,1
영국,(주)재규어랜드로버코리아,2013,"에너지소비효율, 판매비율",소규모,승용·승합(10인승이하),미확인,마감,확인,207.039,9.016,0,0,185.802,14,167.517,15.842,3003,5004,2125.31,4.572,4010,80.136,118684.87,168795.18,0,0,1,1
일본,혼다코리아(주),2013,"에너지소비효율, 판매비율",일반,승용·승합(10인승이하),미확인,마감,확인,149.673,15.941,0,0,155.439,15.063,140.624,16.65,2915,4858,1587.71,4.354,0,0,26378.95,17016.32,0,0,1,1
미국,에프씨에이코리아 주식회사,2013,"에너지소비효율, 판매비율",소규모,승용·승합(10인승이하),미확인,마감,미확인,197.204,10.222,0,0,190.229,13.311,172.177,14.556,2792,4652,1954.56,4.526,2674,57.481,69875.39,99652.15,0,0,1,1
일본,한국닛산(주),2013,"온실가스, 판매비율",일반,승용·승합(10인승이하),미확인,마감,미확인,145.057,16.505,0,0,154.378,15.237,137.396,17.037,2507,4177,1509.2,4.269,131,3.136,19205.54,10980.45,0,0,1,1
프랑스,한불모터스(주),2013,"에너지소비효율, 판매비율",소규모,승용·승합(10인승이하),미확인,마감,미확인,163.181,14.374,0,0,110.873,23.906,101.666,26.429,1952,3252,1363.85,4.007,3016,92.743,120078.26,193790.39,0,0,1,1
독일,포르쉐코리아 주식회사,2013,"에너지소비효율, 판매비율",별도기준,승용·승합(10인승이하),미확인,마감,확인,258.696,9.2,0,0,200.811,12.348,181.531,14.233,1227,2044,2038.57,4.556,947,46.331,94681.89,50856.69,0,0,1,1
스웨덴,㈜볼보자동차코리아,2013,"에너지소비효율, 판매비율",소규모,승용·승합(10인승이하),미확인,마감,확인,184.278,12.006,0,0,150.827,17.681,136.811,19.646,1176,1960,1730.13,4.418,1879,95.867,55820.48,73990.97,0,0,1,1
미국,GM코리아㈜,2013,"에너지소비효율, 판매비율",소규모,승용·승합(10인승이하),미확인,마감,확인,193.595,10.494,0,0,213.019,10.989,184.883,12.662,207,344,1891.9,4.492,0,0,1803.46,3695.8,0,0,1,1
이탈리아,(주) 에프엠케이,2013,"온실가스, 판매비율",별도기준,승용·승합(10인승이하),미확인,마감,미확인,332,7.169,0,0,281.193,8.339,256.183,9.167,120,199,1900.6,4.796,0,0,9098.01,1974.65,0,0,1,1
일본,씨엑스씨 모터스,2013,"온실가스, 판매비율",별도기준,승용·승합(10인승이하),미확인,마감,미확인,177.682,12.902,0,0,173.863,13.457,162.895,14.364,88,146,1546.16,4.078,0,0,1301.25,1059.81,0,0,1,1
한국,현대자동차(주),2014,"에너지소비효율, 판매비율",일반,승용·승합(10인승이하),확인,마감,확인,147.358,16.144,0,0,144.791,16.729,135.023,18.096,408407,510508,1548.33,4.423,166717,32.657,5037599.76,6564230.39,0,0,1,1
한국,기아자동차(주),2014,"온실가스, 판매비율",일반,승용·승합(10인승이하),확인,마감,확인,137.431,17.07,0,0,135.389,18.11,125.981,19.245,322032,402539,1379.51,4.165,135861,33.751,3687287.63,5765771.05,0,0,1.005,1.006
한국,한국지엠주식회사,2014,"에너지소비효율, 판매비율",일반,승용·승합(10인승이하),확인,마감,확인,132.337,17.941,0,0,136.211,17.674,128.154,18.707,118979,148723,1292.88,3.856,32630,21.94,497758.28,750644.27,0,0,1.001,1.002
한국,르노삼성자동차(주),2014,"온실가스, 판매비율",일반,승용·승합(10인승이하),확인,마감,확인,139.82,17.297,0,0,125.285,19.427,116.737,21.046,64003,80003,1420.15,4.196,29459,36.822,1477405.8,1976015.4,0,0,1.011,1.014
한국,쌍용자동차㈜,2014,"에너지소비효율, 판매비율",일반,승용·승합(10인승이하),확인,마감,확인,163.744,13.996,0,0,168.875,15.694,162.204,16.57,30242,37802,1827.01,4.354,35105,92.865,46581.02,641033.29,0,0,1,1
독일,아우디폭스바겐코리아(주),2014,"에너지소비효율, 판매비율",일반,승용·승합(10인승이하),확인,마감,확인,156.204,14.912,0,0,138.602,19.021,128.49,20.909,46969,58711,1698.77,4.346,53161,90.547,1301681.9,2319618.81,0,0,1,1
독일,BMW코리아(주),2014,"온실가스, 판매비율",일반,승용·승합(10인승이하),확인,마감,확인,150.59,15.697,0,0,125.991,20.678,117.171,22.662,37402,46752,1603.3,8.571,37808,80.869,1249937.59,2145439.85,0,0,1.01,1.013
독일,메르세데스-벤츠코리아(주),2014,"에너지소비효율, 판매비율",일반,승용·승합(10인승이하),확인,마감,확인,163.245,14.001,0,0,152.282,16.525,137.38,18.743,28171,35213,1818.53,4.613,21624,61.409,728645.67,1100135.73,0,0,1,1
일본,한국토요타자동차(주),2014,"에너지소비효율, 판매비율",일반,승용·승합(10인승이하),확인,마감,확인,153.345,15.399,0,0,125.241,18.701,110.677,21.16,10644,13304,1650.15,4.373,0,0,454149.98,504963.12,0,0,1,1
미국,포드세일즈서비스코리아(유),2014,"에너지소비효율, 판매비율",소규모,승용·승합(10인승이하),확인,마감,확인,196.836,10.532,0,0,194.909,12.044,185.075,12.695,6975,8718,1948.17,4.636,402,4.611,82035.88,124266.71,0,0,1,1
일본,한국닛산(주),2014,"온실가스, 판매비율",일반,승용·승합(10인승이하),확인,마감,확인,148.448,16.053,0,0,138.407,17.732,130.786,19.033,5751,7188,1566.87,4.299,2726,37.924,101572.4,141131.13,0,0,1.007,1.008
영국,(주)재규어랜드로버코리아,2014,"에너지소비효율, 판매비율",소규모,승용·승합(10인승이하),확인,마감,확인,208.136,8.988,0,0,186.155,14.043,174.46,15.147,5332,6664,2144.36,4.546,5578,83.703,179561.15,270447.79,0,0,1,1
미국,에프씨에이코리아 주식회사,2014,"에너지소비효율, 판매비율",소규모,승용·승합(10인승이하),확인,마감,확인,194.736,10.394,0,0,178.217,14.252,166.927,15.078,5120,6400,1911.7,4.378,3853,60.203,142382.46,197498.62,0,0,1,1
프랑스,한불모터스(주),2014,"에너지소비효율, 판매비율",소규모,승용·승합(10인승이하),확인,마감,확인,164.902,14.153,0,0,114.324,23.492,108.157,24.824,2991,3738,1393.72,7.938,3738,100,169723.39,262863.05,0,0,1,1
일본,혼다코리아(주),2014,"에너지소비효율, 판매비율",일반,승용·승합(10인승이하),확인,마감,확인,150.949,15.726,0,0,154.464,15.162,145.997,16.04,2881,3601,1609.41,4.415,0,0,14266.49,7454.04,0,0,1,1
스웨덴,㈜볼보자동차코리아,2014,"에너지소비효율, 판매비율",소규모,승용·승합(10인승이하),확인,마감,확인,182.925,12.146,0,0,135.499,19.615,125.282,21.302,2381,2976,1706.64,4.411,2787,93.649,137248.4,179517.21,0,0,1,1
독일,포르쉐코리아 주식회사,2014,"에너지소비효율, 판매비율",별도기준,승용·승합(10인승이하),확인,마감,확인,258.696,9.2,0,0,199.389,12.518,187.537,13.602,2055,2568,2010.66,4.589,1348,52.492,146231.92,74495.58,0,0,1,1
이탈리아,(주) 에프엠케이,2014,"온실가스, 판매비율",별도기준,승용·승합(10인승이하),확인,마감,확인,332,7.169,0,0,229.753,10.44,217.754,11.098,620,774,1977.16,49.275,187,24.16,70832.33,20061.3,0,0,1,1
미국,GM코리아㈜,2014,"에너지소비효율, 판매비율",소규모,승용·승합(10인승이하),확인,마감,확인,186.04,11.734,0,0,185.448,12.62,173.22,13.508,449,561,1760.73,2.796,0,0,5756.44,6559.62,0,0,1,1
한국,현대자동차(주),2015,"에너지소비효율, 판매비율",일반,승용·승합(10인승이하),확인,마감,미확인,148.797,15.963,0,0,141.862,17.212,141.862,17.207,535735,535735,1572.812,0.379,202043,37.713,3715488.739,5488088.877,0,0,1.001,1.001
한국,기아자동차(주),2015,"온실가스, 판매비율",일반,승용·승합(10인승이하),확인,마감,미확인,144.946,16.025,0,0,140.655,17.759,140.655,17.759,452916,452916,1507.322,0.161,205894,45.46,1943467.992,6466206.287,0,0,1.009,1.009
한국,한국지엠주식회사,2015,"에너지소비효율, 판매비율",일반,승용·승합(10인승이하),확인,마감,미확인,132.951,17.87,0,0,137.887,17.41,137.887,17.41,148863,148863,1303.311,1.135,32859,22.073,-734788.856,-563527.795,0,0,1.003,1.003
한국,르노삼성자동차(주),2015,"온실가스, 판매비율",일반,승용·승합(10인승이하),확인,마감,확인,138.637,17.45,0,0,120.789,20.239,120.789,20.239,80017,80017,1400.027,1.929,35707,44.624,1428172.03,1837652.083,0,0,1.038,1.038
한국,쌍용자동차㈜,2015,"에너지소비효율, 판매비율",일반,승용·승합(10인승이하),확인,마감,미확인,145.717,16.25,0,0,149.961,16.818,149.961,16.818,72357,72357,1520.428,2.516,40148,55.486,-307066.541,338705.281,0,0,1,1
독일,아우디폭스바겐코리아(주),2015,"에너지소비효율, 판매비율",일반,승용·승합(10인승이하),확인,마감,미확인,154.964,15.068,0,0,140.367,18.831,140.367,18.831,68721,68721,1677.688,0,62354,90.735,1003097.571,2129675.842,0,0,1,1
독일,BMW코리아(주),2015,"온실가스, 판매비율",일반,승용·승합(10인승이하),확인,마감,미확인,151.005,15.625,0,0,125.583,20.806,125.583,20.761,55440,55440,1610.355,8.522,44825,80.853,1409371.245,2345026.947,0,0,1.022,1.022
독일,메르세데스-벤츠코리아(주),2015,"에너지소비효율, 판매비율",일반,승용·승합(10인승이하),확인,마감,미확인,166.662,13.534,0,0,155.738,16.119,155.738,16.119,46995,46995,1876.635,0.542,28397,60.426,513366.724,1000430.693,0,0,1,1
일본,한국토요타자동차(주),2015,"에너지소비효율, 판매비율",일반,승용·승합(10인승이하),확인,마감,확인,153.249,15.411,0,0,124.77,18.771,124.77,18.771,15782,15782,1648.524,0.067,0,0,449454.453,436587.86,0,0,1,1
미국,포드세일즈서비스코리아(유),2015,"에너지소비효율, 판매비율",소규모,승용·승합(10인승이하),확인,마감,미확인,196.76,10.539,0,0,184.933,12.832,184.933,12.832,10358,10358,1946.844,4.171,1752,16.914,122504.96,195623.898,0,0,1,1
일본,한국닛산(주),2015,"온실가스, 판매비율",일반,승용·승합(10인승이하),확인,마감,미확인,150.636,15.807,0,0,135.216,18.428,135.216,18.428,8711,8711,1604.082,0.145,4391,50.408,134322.804,188026.353,0,0,1.034,1.034
프랑스,한불모터스(주),2015,"에너지소비효율, 판매비율",소규모,승용·승합(10인승이하),확인,마감,확인,161.138,14.587,0,0,113.648,23.64,113.648,23.64,7573,7573,1328.369,0,7573,100,359638.794,564586.202,0,0,1,1
영국,(주)재규어랜드로버코리아,2015,"에너지소비효율, 판매비율",소규모,승용·승합(10인승이하),확인,마감,미확인,206.451,9.048,0,0,184.55,14.192,184.55,14.192,7180,7180,2115.099,4.6,6085,84.749,157248.603,304194.833,0,0,1,1
미국,에프씨에이코리아 주식회사,2015,"에너지소비효율, 판매비율",소규모,승용·승합(10인승이하),확인,마감,미확인,192.278,10.761,0,0,175.817,14.249,175.817,14.249,6872,6872,1869.027,0,3794,55.21,113117.507,197405.723,0,0,1,1
일본,혼다코리아(주),2015,"에너지소비효율, 판매비율",일반,승용·승합(10인승이하),확인,마감,미확인,151.377,15.697,0,0,149.503,15.67,149.503,15.67,4511,4511,1616.687,0.59,0,0,8451.97,-1016.691,0,0,1,1
스웨덴,㈜볼보자동차코리아,2015,"에너지소비효율, 판매비율",소규모,승용·승합(10인승이하),확인,마감,확인,181.586,12.336,0,0,126.899,20.876,126.899,20.876,4238,4238,1683.398,0,3916,92.402,231766.523,298061.406,0,0,1,1
독일,포르쉐코리아 주식회사,2015,"에너지소비효율, 판매비율",별도기준,승용·승합(10인승이하),확인,마감,확인,258.696,9.2,0,0,197.294,12.682,197.294,12.682,3856,3856,1985.709,0,2065,53.553,236766.043,110582.46,0,0,1,1
이탈리아,(주) 에프엠케이,2015,"온실가스, 판매비율",별도기준,승용·승합(10인승이하),확인,마감,미확인,332,7.169,0,0,211.341,11.595,211.341,11.595,1397,1397,1957.402,0,664,47.53,168560.032,50915.503,0,0,1,1
미국,GM코리아㈜,2015,"에너지소비효율, 판매비율",소규모,승용·승합(10인승이하),확인,마감,미확인,186.154,11.814,0,0,180.775,12.946,180.775,12.946,934,934,1762.703,0.146,0,0,5023.7,8708.263,0,0,1,1
한국,현대자동차(주),2016,온실가스,일반,승용·승합(10인승이하),확인,마감,확인,104.147,22.461,136.359,17.192,141.965,16.45,80.707,24.581,48352,483512,1597.39,4.463,161134,33.3,1133359,1349351.2,-2710570.7,114521.5,3.2,19.4
한국,기아자동차(주),2016,온실가스,일반,승용·승합(10인승이하),확인,마감,확인,103.654,22.199,135.699,16.996,141.659,17.305,91.033,24.166,46843,468431,1564.41,4.343,217917,46.5,591191.8,590771.7,-2791697.1,923084.5,0.7,4.8
한국,한국지엠주식회사,2016,온실가스,일반,승용·승합(10인승이하),확인,마감,확인,91.81,25.937,120.169,19.866,130.633,17.858,107.728,21.12,17138,171374,1218.67,3.861,15202,8.9,-272804.1,-296622.8,-1793355,-1329141.9,0.3,1.9
한국,르노삼성자동차(주),2016,온실가스,일반,승용·승합(10인승이하),확인,마감,확인,98.065,24.414,128.395,18.687,134.337,17.379,91.169,24.917,11111,111101,1447.9,4.374,35072,31.6,76626.2,207145.2,-660095.7,-322069.1,2.3,16.6
한국,쌍용자동차㈜,2016,"에너지소비효율, 판매비율",일반,승용·승합(10인승이하),확인,마감,확인,100.534,23.328,131.629,17.856,149.609,16.438,128.912,20.074,7654,76533,1508.64,4.139,45927,60,-217199.8,-99398.3,-1376090.4,-433089,0,0
독일,BMW코리아(주),2016,"에너지소비효율, 연차별",일반,승용·승합(10인승이하),확인,마감,미확인,105.743,22.078,138.45,16.9,131.569,19.124,86.571,25.359,5715,57144,1636.61,8.595,43912,76.8,109567.4,185401.2,393158.7,666737.6,2.8,19.3
독일,메르세데스-벤츠코리아(주),2016,"에너지소비효율, 연차별",일반,승용·승합(10인승이하),확인,마감,미확인,115.389,19.27,151.082,14.751,153.549,16.184,111.639,24.065,5635,56345,1873.63,8.962,31574,56,21132,107843.2,-138982.6,322481.3,0,0
독일,아우디폭스바겐코리아(주),2016,"에너지소비효율, 연차별",일반,승용·승합(10인승이하),확인,마감,미확인,109.666,20.952,143.587,16.038,148.419,17.682,121.168,22.164,3009,30086,1733,4.411,25608,85.1,-34610,14547.1,-145371.5,197447.2,0,0
일본,한국토요타자동차(주),2016,"에너지소비효율, 판매비율",일반,승용·승합(10인승이하),확인,마감,미확인,107.741,21.584,141.066,16.522,120.908,19.256,71.228,31.856,1987,19862,1685.71,4.351,0,0,72551.6,81472.4,400380.2,216777.3,0,0
영국,(주)재규어랜드로버코리아,2016,"에너지소비효율, 판매비율",소규모,승용·승합(10인승이하),확인,마감,미확인,149.591,12.807,195.866,9.803,174.309,14.981,134.807,19.692,1440,14399,2127.12,4.579,13226,91.9,21288.6,39575.3,310393.9,297612.8,0,0
미국,포드세일즈서비스코리아(유),2016,"에너지소비효율, 판매비율",소규모,승용·승합(10인승이하),확인,마감,미확인,143.22,14.65,187.524,11.214,188.919,12.056,115.054,22.093,1122,11220,1995.59,4.718,2350,20.9,31602.5,33334.3,-15652.8,37687.6,0,0
일본,한국닛산(주),2016,"에너지소비효율, 판매비율",일반,승용·승합(10인승이하),확인,마감,미확인,105.261,22.314,137.819,17.08,141.961,16.484,97.933,20.115,894,8934,1624.78,4.386,2306,25.8,6551.7,20828.6,-37008.9,16592.8,4.2,32.1
일본,혼다코리아(주),2016,"에너지소비효율, 판매비율",일반,승용·승합(10인승이하),확인,마감,미확인,105.106,22.355,137.616,17.112,150.119,15.447,131.926,17.556,664,6636,1620.97,4.404,0,0,-17808.6,-12719.1,-82974,-44094.7,0,0
미국,에프씨에이코리아 주식회사,2016,"에너지소비효율, 판매비율",소규모,승용·승합(10인승이하),확인,마감,미확인,135.458,15.554,177.358,11.906,185.488,13.02,145.211,16.661,662,6617,1835.32,4.293,2570,38.8,-6456.7,2925.9,-53794,29414.4,0,0
스웨덴,㈜볼보자동차코리아,2016,"에너지소비효율, 연차별",소규모,승용·승합(10인승이하),확인,마감,미확인,132.665,16.632,173.701,12.731,136.015,19.349,114.198,23.537,521,5205,1777.66,4.468,4556,87.5,9621.5,14359.5,196155,137510.8,0,0
프랑스,한불모터스(주),2016,"에너지소비효율, 연차별",소규모,승용·승합(10인승이하),확인,마감,미확인,114.983,20.069,150.545,15.362,119.829,22.334,105.863,25.294,455,4546,1412.58,7.794,4546,100,4149.7,9489.4,139634.4,126511.2,0,0
독일,포르쉐코리아 주식회사,2016,"에너지소비효율, 연차별",별도기준,승용·승합(10인승이하),확인,마감,미확인,0,10.6,0,10.6,194.573,12.686,171.156,15.629,319,3187,1972.59,4.59,1678,52.7,0,6403.8,0,26541.4,0,0
이탈리아,(주) 에프엠케이,2016,"온실가스, 연차별",별도기준,승용·승합(10인승이하),확인,마감,미확인,297,0,297,0,211.205,11.422,174.948,14.797,134,1338,1969.92,49.529,612,45.7,16355,0,114794.3,0,0,0
미국,GM코리아㈜,2016,"에너지소비효율, 연차별",소규모,승용·승합(10인승이하),확인,마감,미확인,133.506,16.604,174.802,12.709,188.896,12.32,151.837,15.393,111,1103,1795.01,3.683,0,0,-2034.8,-536.5,-15546.7,-1715,0,0
일본,혼다코리아(주),2017,에너지소비비율,일반,승용·승합(10인승이하),확인,마감,확인,105.123,22.375,133.318,17.678,134.211,17.161,82.845,27.488,2060,10299,1621.37,4.427,0,0,45891.8,42046.4,-9202.1,-21253.7,0,0
한국,현대자동차(주),2017,온실가스,일반,승용·승합(10인승이하),확인,마감,확인,103.36,22.77,131.08,17.99,137.475,16.003,87.79,21.664,102640,513199,1578.08,4.46,141825,27.6,1598115.6,1927322.6,-3282204.8,-586795,6.8,23.2
프랑스,한불모터스(주),2017,에너지소비비율,소규모,승용·승합(10인승이하),확인,마감,확인,113.217,20.577,143.566,16.258,126.064,20.699,105.901,25.062,975,4871,1436.57,7.737,4871,100,7133.5,17452.3,85249.5,86340,0,0
일본,한국토요타자동차(주),2017,에너지소비비율,일반,승용·승합(10인승이하),확인,마감,확인,108.507,21.322,137.617,16.846,121.406,18.307,81.914,26.11,5040,25198,1704.53,4.373,0,0,134029.3,104362.9,408474.7,160163.6,0.5,1.6
한국,한국지엠주식회사,2017,온실가스,일반,승용·승합(10인승이하),확인,마감,확인,91.837,25.988,116.428,20.541,129.967,17.545,105.487,20.373,25016,125077,1232.19,3.928,9744,7.8,-341467.3,-367651.9,-1693418.4,-1261345.2,1.9,7.7
일본,한국닛산(주),2017,에너지소비비율,일반,승용·승합(10인승이하),확인,마감,확인,103.741,22.706,131.563,17.94,147.032,15.363,120.311,18.012,1796,8980,1587.43,4.386,0,0,-29759.1,-16230.6,-138906.2,-71534.1,2.3,9.7
독일,포르쉐코리아 주식회사,2017,에너지소비비율,별도기준,승용·승합(10인승이하),확인,마감,확인,0,11,0,11,193.915,12.072,179.904,14.291,558,2789,1852.91,3.789,807,28.9,0,7330.4,0,11934.3,0,0
미국,포드세일즈서비스코리아(유),2017,에너지소비비율,소규모,승용·승합(10인승이하),확인,마감,확인,142.481,14.654,180.738,11.578,199.162,11.255,137.645,17.555,2146,10727,2056.4,4.767,1146,10.7,10376.3,24848.3,-197630.4,-13850.2,0,0
스웨덴,㈜볼보자동차코리아,2017,에너지소비비율,소규모,승용·승합(10인승이하),확인,마감,확인,131.533,16.843,166.832,13.307,141.604,17.769,117.952,21.788,1321,6604,1824.53,4.583,5437,82.3,17941.4,29621.5,166606.3,122501.7,0.7,2.7
미국,에프씨에이코리아 주식회사,2017,에너지소비비율,소규모,승용·승합(10인승이하),확인,마감,확인,134.04,15.921,170.017,12.579,190.635,12.5,157.266,16.351,1650,8249,1877.62,4.309,3402,41.2,-38323.1,2833,-170084.4,-2594.7,0,0
독일,아우디폭스바겐코리아(주),2017,에너지소비비율,일반,승용·승합(10인승이하),확인,마감,확인,121.077,17.539,153.585,13.857,189.699,13.154,150.228,17.266,249,1245,2013.38,4.737,771,61.9,-7258.5,-271.1,-44962,-3495.9,0,0
한국,쌍용자동차㈜,2017,에너지소비비율,일반,승용·승합(10인승이하),확인,마감,확인,102.923,22.463,130.524,17.748,157.08,15.414,133.725,19.354,16609,83041,1567.33,4.202,44633,53.7,-511596.9,-206144.5,-2205205.9,-773865,0,0
독일,메르세데스-벤츠코리아(주),2017,에너지소비비율,일반,승용·승합(10인승이하),확인,마감,확인,115.286,19.2,146.228,15.17,160.258,15.12,124.548,20.997,13772,68860,1871.08,4.681,30309,44,-127556.4,98786.2,-966104.7,-13646.3,0,0
한국,르노삼성자동차(주),2017,온실가스,일반,승용·승합(10인승이하),확인,마감,확인,99.43,24.012,126.087,18.972,128.916,16.956,74.081,23.988,20108,100537,1477.42,4.336,39534,39.3,509726.8,692681,-284482,265840.7,10.7,34.5
한국,기아자동차(주),2017,온실가스,일반,승용·승합(10인승이하),확인,마감,확인,104.142,22.02,132.065,17.401,138.558,17.169,90.907,23.267,90970,454850,1573.54,4.347,196503,43.2,1203970.4,1072731,-2953229.6,511128.7,2,6.8
미국,GM코리아㈜,2017,에너지소비비율,소규모,승용·승합(10인승이하),확인,마감,확인,135.031,15.825,171.275,12.503,197.462,11.735,166.135,14.107,402,2008,1898.61,3.846,0,0,-12503.6,-2757.7,-52583.4,-6159.4,0,0
독일,BMW코리아(주),2017,에너지소비비율,일반,승용·승합(10인승이하),확인,마감,확인,108.102,21.425,137.103,16.928,140.528,17.64,113.708,21.996,13855,69271,1694.59,8.908,49579,71.6,-77668.6,104625.1,-237263.4,286944.1,1.3,5.3
영국,(주)재규어랜드로버코리아,2017,에너지소비비율,소규모,승용·승합(10인승이하),확인,마감,확인,144.167,13.939,182.88,11.013,170.026,15.057,138.717,18.794,2973,14865,2092.12,4.655,13688,92.1,16202.2,57608.2,191085,239936.8,0,0
이탈리아,(주) 에프엠케이,2017,온실가스,별도기준,승용·승합(10인승이하),확인,마감,확인,289,0,289,0,220.487,10.436,177.815,14.559,440,2200,2068.81,49.719,805,36.6,48921.3,0,150729.4,0,0,0
한국,현대자동차(주),2018,"온실가스, 판매비율",일반,승용·승합(10인승이하),확인,마감,확인,104.678,22.352,129.507,18.028,132.162,15.956,84.551,20.482,165288,550960,1610.437,4.461,165417,30.023,3326731.9,3815567.8,-1462371.9,2723753.3,13.215,30.548
한국,기아자동차(주),2018,"온실가스, 판매비율",일반,승용·승합(10인승이하),확인,마감,확인,103.942,22.054,128.598,17.794,136.224,16.822,93.668,21.572,139407,464689,1571.974,4.372,183149,39.413,1432365.4,1319520.8,-3543741.2,450976,4.851,11.391
한국,르노삼성자동차(주),2018,"온실가스, 연차별",일반,승용·승합(10인승이하),확인,마감,확인,98.563,24.276,121.935,19.581,128.29,16.474,88.821,20.448,27032,90104,1450.296,4.286,20062,22.265,263330.3,397114,-572621.6,-32776.1,12.039,29.97
한국,한국지엠주식회사,2018,"온실가스, 연차별",일반,승용·승합(10인승이하),확인,마감,확인,90.906,26.228,112.457,21.175,106.992,18.402,66.986,21.73,25897,86323,1195.313,3.806,5592,6.478,619455.7,517950.2,471723.7,578255.4,17.77,37.955
한국,쌍용자동차㈜,2018,"에너지소비효율, 연차별",일반,승용·승합(10인승이하),확인,마감,확인,104.27,21.899,129.002,17.663,159.941,15.083,140.868,17.486,19968,66557,1600.416,4.227,33956,51.018,-730790,-351680.3,-2059202.1,-685322.5,0,0
독일,메르세데스-벤츠코리아(주),2018,"에너지소비효율, 연차별",일반,승용·승합(10인승이하),확인,마감,확인,114.322,19.634,141.451,15.836,157.621,14.88,127.8,18.903,21240,70798,1847.408,4.671,25148,35.521,-286265.4,120683.9,-1144861.5,-16559.2,3.584,8.6
독일,BMW코리아(주),2018,"에너지소비효율, 연차별",일반,승용·승합(10인승이하),확인,마감,확인,108.484,21.336,134.221,17.209,146.673,16.448,121.01,20.503,17977,59923,1703.966,8.89,33743,56.311,-225183.1,43470.7,-746178.3,-53328.6,2.147,5.743
일본,한국토요타자동차(주),2018,"에너지소비효율, 판매비율",일반,승용·승합(10인승이하),확인,마감,확인,107.396,21.631,132.874,17.446,112.588,19.819,84.9,26.125,9034,30113,1677.242,4.387,0,0,203232.7,169953.6,610891,296481.4,0.376,0.872
독일,아우디폭스바겐코리아(주),2018,"에너지소비효율, 연차별",일반,승용·승합(10인승이하),확인,마감,확인,107.249,21.854,132.692,17.627,138.429,17.948,126.462,20.471,8420,28066,1673.628,4.408,20026,71.353,-161770.7,-46473.4,-161010.6,35997,0,0
영국,(주)재규어랜드로버코리아,2018,"에너지소비효율, 판매비율",소규모,승용·승합(10인승이하),확인,마감,확인,141.581,14.211,175.191,11.462,171.531,14.785,142.647,18.151,4642,15473,2116.962,4.675,13787,89.104,-4949.3,73012.4,56633.5,205279.9,0,0
미국,포드세일즈서비스코리아(유),2018,"에너지소비효율, 판매비율",소규모,승용·승합(10인승이하),확인,마감,확인,140.033,14.957,173.274,12.064,202.228,11.035,163.629,13.942,3476,11585,2083.296,4.778,657,5.671,-82020.6,-14077.5,-335442.6,-47559.9,0,0
스웨덴,㈜볼보자동차코리아,2018,"에너지소비효율, 연차별",소규모,승용·승합(10인승이하),확인,마감,확인,130.321,16.985,161.247,13.7,151.665,15.816,125.307,20.219,2564,8544,1872.134,4.669,5715,66.889,12855.9,40087.2,81874.1,82025.6,1.154,2.724
일본,혼다코리아(주),2018,"에너지소비효율, 판매비율",일반,승용·승합(10인승이하),확인,마감,확인,106.288,21.891,131.501,17.657,135.647,16.704,87.452,25.573,2387,7956,1650.003,4.583,0,0,44960.9,35084.3,-32982.5,-30265.4,0,0
미국,에프씨에이코리아 주식회사,2018,"에너지소비효율, 판매비율",소규모,승용·승합(10인승이하),확인,마감,확인,130.367,16.665,161.304,13.441,194.103,11.906,169.341,14.267,2277,7590,1873.13,4.429,1401,18.458,-88742.8,-21788.1,-248944.8,-46517.5,0,0
일본,한국닛산(주),2018,"에너지소비효율, 판매비율",일반,승용·승합(10인승이하),확인,마감,확인,103.559,22.755,128.122,18.354,149.716,15.205,134.852,16.868,2156,7184,1582.959,4.336,0,0,-67467.3,-50667.3,-155125.8,-90297.6,0,0
프랑스,한불모터스(주),2018,"에너지소비효율, 연차별",소규모,승용·승합(10인승이하),확인,마감,확인,114.416,20.451,141.551,16.495,136.111,19.023,113.73,22.764,1662,5538,1526.293,7.993,5538,100,1140,15345.7,30129,55890,0,0
독일,포르쉐코리아 주식회사,2018,"에너지소비효율, 연차별",별도기준,승용·승합(10인승이하),확인,마감,확인,0.001,11.4,0.001,11.4,194.816,11.555,175.821,12.733,1286,4285,1828.158,4.525,354,8.261,-226104.2,17209.5,-834781.3,14299.7,2.718,8.059
미국,GM코리아㈜,2018,"에너지소비효율, 판매비율",소규모,승용·승합(10인승이하),확인,마감,확인,133.067,15.907,164.647,12.83,197.162,11.73,168.199,13.858,631,2101,1931.825,3.932,0,0,-22168.6,-5162.3,-68313.8,-9227,0,0
이탈리아,(주) 에프엠케이,2018,"온실가스, 연차별",별도기준,승용·승합(10인승이하),확인,마감,확인,281,0.001,281,0.001,224.768,10.166,189.916,13.63,543,1807,2068.331,49.574,578,31.987,49458.8,29541.7,101610.4,73322.5,0,0
한국,현대자동차(주),2019,"온실가스, 판매비율",일반,승용·승합(10인승이하),확인,마감,확인,105.001,22.219,119.083,19.568,130.885,15.917,104.844,18.598,340979,568298,1618.391,4.519,128083,22.538,53519.9,1623260,-6707550.9,-297271.3,14.05,19.215
한국,기아(주),2019,"온실가스, 판매비율",일반,승용·승합(10인승이하),확인,마감,확인,102.909,22.381,116.696,19.713,132.838,16.763,109.973,19.337,263267,438777,1548.283,4.347,134824,30.727,-1859645.9,-611775.2,-7082825,-2074914,7.044,9.829
한국,케이지모빌리티(주),2019,"에너지소비효율, 연차별",일반,승용·승합(10인승이하),확인,마감,확인,102.937,22.499,116.739,19.814,154.26,15.468,141.67,16.675,39810,66350,1567.673,4.236,30438,45.875,-1541942.8,-925528.4,-2489506.5,-1151091.1,0,0
한국,한국지엠(주),2019,"온실가스, 판매비율",일반,승용·승합(10인승이하),확인,마감,확인,90.305,26.365,102.364,23.23,102.868,18.871,80.291,21.633,41455,69091,1171.865,3.751,4064,5.882,415137,293553.5,-34828.4,120279.3,19.137,25.968
한국,르노코리아자동차(주),2019,"온실가스, 연차별",일반,승용·승합(10인승이하),확인,마감,확인,100.056,23.875,113.468,21.026,130.889,15.848,118.394,16.844,50181,83635,1485.901,4.272,11449,13.689,-920231.8,-501753.4,-1457020.9,-746223.7,11.745,18.067
독일,폭스바겐그룹코리아(주),2019,"에너지소비효율, 연차별",일반,승용·승합(10인승이하),확인,마감,확인,111.507,20.591,126.467,18.134,153.74,15.454,132.78,18.594,12446,20742,1778.231,4.621,8342,40.218,-264763,-99224.2,-565704.8,-221901.7,0,0
독일,BMW코리아(주),2019,"에너지소비효율, 연차별",일반,승용·승합(10인승이하),확인,마감,확인,109.366,20.992,124.037,18.487,151.904,15.546,138.62,17.095,33041,55068,1725.641,8.703,25924,47.076,-966583.8,-355680,-1534572.8,-471619.4,3.173,4.789
독일,메르세데스벤츠코리아(주),2019,"에너지소비효율, 연차별",일반,승용·승합(10인승이하),확인,마감,확인,114.328,19.743,129.669,17.387,157.636,14.384,138.9,16.248,46880,78133,1847.545,4.697,21762,27.853,-1151967.3,-160984.6,-2185098.6,-350286.4,7.505,10.516
일본,한국토요타자동차(주),2019,"에너지소비효율, 판매비율",일반,승용·승합(10인승이하),확인,마감,확인,108.474,21.386,123.024,18.834,108.714,20.54,91.03,24.427,13726,22876,1703.711,4.373,0,0,239431,171655.5,327367.1,162139.9,0.278,0.369
일본,한국닛산(주),2019,"온실가스, 판매비율",일반,승용·승합(10인승이하),확인,계산,미확인,107.903,21.624,122.376,19.044,114.066,13.717,82.423,14.957,3030,5050,1689.683,4.381,0,0,77204.2,131652.8,41964.2,156518.9,52.256,70.065
일본,혼다코리아(주),2019,"에너지소비효율, 판매비율",일반,승용·승합(10인승이하),확인,마감,확인,105.505,22.174,119.654,19.528,130.807,17.106,102.39,21.713,5256,8760,1630.767,4.59,0,0,16371.2,-9671.5,-97695.3,-84692.2,0,0
미국,포드세일즈서비스코리아(유),2019,"에너지소비효율, 판매비율",소규모,승용·승합(10인승이하),확인,마감,확인,135.438,15.664,153.622,13.794,196.557,11.312,182.193,12.244,5243,8737,2063.704,4.754,61,0.698,-245138.5,-71580.3,-375129.5,-86570.4,0,0
미국,스텔란티스코리아(주),2019,"에너지소비효율, 판매비율",소규모,승용·승합(10인승이하),확인,계산,미확인,127.156,17.185,144.22,15.134,193.744,11.858,180.088,12.833,6143,10237,1878.708,4.41,1068,10.433,-325160.6,-106716.4,-506971.6,-133874.2,0,0
프랑스,한불모터스(주),2019,"에너지소비효율, 연차별",소규모,승용·승합(10인승이하),확인,계산,미확인,113.69,20.672,128.935,18.205,136.014,19.038,131.337,19.716,2703,4505,1577.931,4.304,4505,100,-47700.1,-10319.8,-31893.9,14986,0,0
영국,(주)재규어랜드로버코리아,2019,"에너지소비효율, 판매비율",소규모,승용·승합(10인승이하),확인,마감,확인,137.935,14.803,156.456,13.037,178.127,14.021,156.023,16.008,6119,10197,2119.475,4.389,9237,90.585,-110677.9,61623.6,-220984,76661.4,3.588,5.26
스웨덴,㈜볼보자동차코리아,2019,"에너지소비효율, 연차별",소규모,승용·승합(10인승이하),확인,마감,확인,126.939,17.621,143.974,15.518,163.446,14.435,155.32,15.385,6387,10644,1873.862,4.68,3699,34.752,-181268.9,-38383.8,-207259.5,-25949.9,1.887,2.918
미국,지엠아시아퍼시픽지역본부(주),2019,"에너지소비효율, 판매비율",소규모,승용·승합(10인승이하),확인,마감,확인,134.442,15.228,152.491,13.411,204.907,11.257,188.194,12.274,1029,1715,2041.458,4.843,0,0,-55311.1,-12136.4,-89893.4,-14744.1,0,0
독일,포르쉐코리아(주),2019,"에너지소비효율, 연차별",별도기준,승용·승합(10인승이하),확인,마감,확인,189,12.5,189,12.5,214.356,10.172,200.012,10.694,2523,4204,1981.268,4.675,0,0,-27783.2,8354.2,-106595.5,-10348.4,6.832,10.522
이탈리아,(주)에프엠케이,2019,"온실가스, 연차별",별도기준,승용·승합(10인승이하),확인,마감,확인,257,9.5,257,9.5,239.236,9.261,219.232,10.217,870,1449,2069.972,4.922,124,8.558,32858.5,2491.1,25739.6,-1381.9,0,0
한국,현대자동차(주),2020,"온실가스, 판매비율",일반,승용·승합(10인승이하),확인,마감,확인,105.9,21.89,105.9,21.89,133.822,16.002,133.822,16.002,633687,633687,1640.483,4.578,112171,17.701,-17693311.6,-8550592.3,-17693311.6,-8550592.3,10.007,10.007
한국,기아(주),2020,"온실가스, 판매비율",일반,승용·승합(10인승이하),확인,마감,확인,103.688,22.284,103.688,22.284,132.31,17.405,132.31,17.405,484086,484086,1572.284,4.442,149940,30.974,-13855777.9,-7954899,-13855777.9,-7954899,3.042,3.042
한국,케이지모빌리티(주),2020,"에너지소비효율, 연차별",일반,승용·승합(10인승이하),확인,마감,확인,103.757,22.284,103.757,22.284,152.361,15.308,152.361,15.308,54820,54820,1587.821,4.271,17059,31.118,-2664452.9,-1526611.6,-2664452.9,-1526611.6,1,1
한국,한국지엠(주),2020,"온실가스, 연차별",일반,승용·승합(10인승이하),확인,마감,확인,92.254,25.7,92.254,25.7,121.368,17.902,121.368,17.902,71639,71639,1237.31,3.859,2758,3.85,-2085700.7,-1689376.7,-2085700.7,-1689376.7,7.547,7.547
한국,르노코리아자동차(주),2020,"온실가스, 판매비율",일반,승용·승합(10인승이하),확인,계산,미확인,98.736,24.244,98.736,24.244,123.963,16.82,123.963,16.82,93615,93615,1459.295,4.289,924,0.987,-2361565.1,-2057066.7,-2361565.1,-2057066.7,7.659,7.659
독일,폭스바겐그룹코리아(주),2020,"에너지소비효율, 연차별",일반,승용·승합(10인승이하),확인,마감,확인,111.875,20.297,111.875,20.297,138.149,17.189,138.149,17.189,43726,43726,1787.282,4.516,24798,56.712,-1148857.8,-289976.5,-1148857.8,-289976.5,5.776,5.776
독일,BMW코리아(주),2020,"에너지소비효율, 연차별",일반,승용·승합(10인승이하),확인,마감,확인,112.49,19.979,112.49,19.979,150.185,14.79,150.185,14.79,69804,69804,1802.398,8.844,25994,37.239,-2631237.9,-674062.6,-2631237.9,-674062.6,11.054,11.054
독일,메르세데스벤츠코리아(주),2020,"에너지소비효율, 연차별",일반,승용·승합(10인승이하),확인,마감,확인,114.47,19.542,114.47,19.542,160.594,13.774,160.594,13.774,76880,76880,1851.045,4.683,14178,18.442,-3545980.9,-942033.4,-3545980.9,-942033.4,10.773,10.773
일본,한국토요타자동차(주),2020,"에너지소비효율, 판매비율",일반,승용·승합(10인승이하),확인,마감,확인,108.915,21.287,108.915,21.287,102.085,21.72,102.085,21.72,15076,15076,1714.564,4.453,0,0,102969,34970.7,102969,34970.7,0.591,0.591
일본,한국닛산(주),2020,"에너지소비효율, 연차별",일반,승용·승합(10인승이하),확인,계산,미확인,104.372,22.594,104.372,22.594,130.124,15.514,130.124,15.514,2446,2446,1602.942,4.526,0,0,-62988.5,-28845.7,-62988.5,-28845.7,16.466,16.466
일본,혼다코리아(주),2020,"에너지소비효율, 판매비율",일반,승용·승합(10인승이하),확인,마감,확인,103.493,22.781,103.493,22.781,118.263,18.842,118.263,18.842,3056,3056,1581.33,4.524,0,0,-45139,-48052,-45139,-48052,0,0
미국,포드세일즈서비스코리아(유),2020,"에너지소비효율, 판매비율",소규모,승용·승합(10인승이하),확인,마감,확인,133.608,15.789,133.608,15.789,185.025,11.917,185.025,11.917,10447,10447,2078.087,4.998,251,2.403,-537157.5,-136774.8,-537157.5,-136774.8,2.363,2.363
미국,스텔란티스코리아(주),2020,"에너지소비효율, 판매비율",소규모,승용·승합(10인승이하),확인,계산,미확인,126.946,17.134,126.946,17.134,191.494,12.011,191.494,12.011,8455,8455,1926.523,4.512,867,10.254,-545758.6,-172896.7,-545758.6,-172896.7,0,0
프랑스,한불모터스(주),2020,"에너지소비효율, 연차별",소규모,승용·승합(10인승이하),확인,계산,미확인,111.171,21.232,111.171,21.232,112.358,19.21,112.358,19.21,3541,3541,1567.657,4.28,3320,93.759,-4203.3,50873.8,-4203.3,50873.8,22.438,22.438
영국,(주)재규어랜드로버코리아,2020,"에너지소비효율, 판매비율",소규모,승용·승합(10인승이하),확인,마감,확인,138.667,14.393,138.667,14.393,187.204,13.015,187.204,13.015,5759,5759,2193.179,4.675,4647,80.691,-279528.6,-3349.5,-279528.6,-3349.5,4.919,4.919
스웨덴,㈜볼보자동차코리아,2020,"에너지소비효율, 연차별",소규모,승용·승합(10인승이하),확인,마감,확인,125.51,17.768,125.51,17.768,152.287,14.039,152.287,14.039,12913,12913,1893.87,4.679,1614,12.499,-345762.3,-30161.8,-345762.3,-30161.8,12.547,12.547
미국,지엠아시아퍼시픽지역본부(주),2020,"에너지소비효율, 연차별",소규모,승용·승합(10인승이하),확인,마감,확인,135.656,14.677,135.656,14.677,213.821,10.703,213.821,10.703,1582,1582,2124.693,4.963,0,0,-123656.8,-25100.4,-123656.8,-25100.4,0,0
독일,포르쉐코리아(주),2020,"에너지소비효율, 연차별",별도기준,승용·승합(10인승이하),확인,마감,확인,120.019,14.1,120.019,14.1,200.39,10.512,200.39,10.512,7779,7779,1987.387,4.65,0,0,-625205.8,13316.2,-625205.8,13316.2,16.033,16.033
이탈리아,(주)에프엠케이,2020,"온실가스, 판매비율",별도기준,승용·승합(10인승이하),확인,마감,확인,224,17.524,224,17.524,239.521,9.439,239.521,9.439,1140,1140,2048.838,4.903,232,20.351,-17694,-36791.6,-17694,-36791.6,0,0
